date,time,open,high,low,close,volume
20231228,50000,17889.5,17905.5,17836.5,17866.5,66674
20231228,134500,17874.5,17911.5,17845.5,17889.5,113324
20231229,50000,17894.5,17895.5,17851.5,17865.5,44188
20231229,134500,17877.5,17924.5,17852.5,17892.5,113092
20231230,50000,17895.5,17902.5,17790.4,17850.5,67368
20240102,134500,17862.5,17944.6,17775.4,17822.4,165668
20240103,50000,17817.4,17841.4,17676.3,17698.3,103670
20240103,134500,17682.2,17691.2,17531.1,17570.1,195762
20240104,50000,17568.1,17609.1,17503.1,17560.1,103812
20240104,134500,17549.1,17607.1,17549.1,17570.1,115420
20240105,50000,17595.1,17633.1,17563.1,17579.1,86446
20240105,134500,17601.1,17650.2,17515.1,17543.1,154774
20240106,50000,17534,17629.1,17476,17571.1,134636
20240108,134500,17596.1,17730.3,17592.2,17619.2,174036
20240109,50000,17619.2,17798.4,17559.1,17791.4,110720
20240109,134500,17794.4,17806.4,17550.1,17569.1,192598
20240110,50000,17568.1,17579.1,17455,17531,131890
20240110,134500,17533,17545,17463,17482,140944
20240111,50000,17474,17559,17465,17493,99048
20240111,134500,17514,17630.1,17505.1,17599.1,176214
20240112,50000,17595.1,17619.1,17420.9,17509,155332
20240112,134500,17490,17594.1,17471,17513,182838
20240113,50000,17511,17559,17435,17516,116306
20240115,134500,17604.1,17679.2,17551.1,17583.1,331438
20240116,50000,17593.1,17600.1,17554.1,17596.1,43098
20240116,134500,17504,17523,17344.8,17356.8,270562
20240117,50000,17365.8,17398.8,17308.8,17351.8,103676
20240117,134500,17336.8,17367.8,17192.7,17210.6,146928
20240118,50000,17179.7,17219.6,17137.8,17200.7,100944
20240118,134500,17215.6,17301.5,17190.7,17255.6,181392
20240119,50000,17351.4,17491.2,17308.6,17490.2,171478
20240119,134500,17516.2,17659,17479.3,17653,223714
20240120,50000,17660,17753.8,17625.1,17753.9,134022
20240122,134500,17790.8,17817.7,17722,17791.8,166084
20240123,50000,17776.8,17808.7,17740.9,17761.9,79806
20240123,134500,17773.8,17851.7,17764.9,17844.7,154566
20240124,50000,17853.7,17911.6,17837.8,17900.7,87040
20240124,134500,17877.7,17915.6,17850.8,17877.7,131284
20240125,50000,17889.7,18064.4,17877.7,17986.5,123116
20240125,134500,17990.5,18004.5,17909.7,17969.6,149912
20240126,50000,17983.5,18052.4,17956.6,18002.5,99918
20240126,134500,17925.6,17997.5,17910.7,17973.6,131526
20240127,50000,17966.6,18035.4,17934.7,17992.5,98684
20240129,134500,17985.5,18109.3,17944.6,18099.4,146668
20240130,50000,18100.4,18126.3,18032.5,18089.4,89084
20240130,134500,18103.4,18113.3,18038.5,18055.4,126788
20240131,50000,18037.5,18040.4,17971.6,18015.5,83586
20240131,134500,17964.6,17977.5,17878.7,17894.7,157934
20240201,50000,17889.7,18018.4,17866.8,17872.7,135100
20240201,134500,17930.6,17968.5,17856.8,17960.6,165732
20240202,50000,17940.6,18035.4,17925.7,18028.5,98558
20240202,134500,18074.4,18079.4,17997.6,18058.4,128670
20240203,50000,18054.4,18058.4,17959.6,18032.5,106908
20240205,134500,17982.5,18076.4,17932.7,18060.4,144898
20240206,50000,18060.4,18081.4,18000.6,18078.4,60280
20240215,134500,18563.7,18669.5,18504.9,18640.6,229198
20240216,50000,18639.6,18700.5,18630.7,18678.6,68820
20240216,134500,18656.6,18699.5,18606.7,18607.7,135258
20240217,50000,18609.7,18656.5,18591.7,18614.7,68826
20240219,134500,18653.6,18665.5,18592.7,18644.6,204472
20240220,50000,18651.6,18651.5,18622.7,18629.6,21342
20240220,134500,18607.7,18727.4,18569.8,18726.5,206244
20240221,50000,18746.5,18790.4,18681.6,18729.5,74030
20240221,134500,18711.5,18723.4,18635.7,18651.6,98660
20240222,50000,18651.6,18676.5,18629.7,18674.6,68234
20240222,134500,18846.2,18849.1,18710.5,18848.2,169300
20240223,50000,18847.2,18962.9,18847.2,18961.9,91918
20240223,134500,18949,18958.9,18857.2,18872.1,161642
20240224,50000,18876.1,18907,18833.3,18885.1,76214
20240226,134500,18866.2,18954.9,18812.3,18922,136132
20240227,50000,18927,18951.9,18915.1,18927,55940
20240227,134500,18909.1,18978.9,18709.5,18826.2,240930
20240228,50000,18830.2,18888.1,18829.3,18840.2,59718
20240229,134500,18767.4,18955.9,18764.4,18925,169684
20240301,50000,18920,18958.9,18850.2,18913.1,104672
20240301,134500,18927,18975.9,18883.2,18920,150558
20240302,50000,18929,19133.5,18871.2,19082.7,130012
20240304,134500,19102.6,19298.2,19095.7,19272.3,195530
20240305,50000,19272.3,19395,19270.3,19335.1,109278
20240305,134500,19320.2,19394,19263.3,19347.1,167536
20240306,50000,19329.2,19345.1,19175.5,19225.4,108102
20240306,134500,19240.3,19480.8,19229.4,19466.9,192228
20240307,50000,19478.8,19724.2,19446,19652.5,155158
20240307,134500,19645.5,19727.2,19541.7,19666.4,246408
20240308,50000,19650.5,19928.8,19604.6,19905.9,168648
20240308,134500,19886.9,19965.7,19595.6,19748.2,345504
20240309,50000,19747.2,19948.8,19622.6,19676.4,250796
20240311,134500,19648.5,19782.1,19636.5,19672.4,194992
20240312,50000,19679.4,19729.2,19612.6,19635.5,119346
20240312,134500,19671.4,19912.8,19655.5,19911.9,183080
20240313,50000,19912.9,19961.7,19822.1,19947.8,161282
20240313,134500,19950.8,20020.6,19843.1,19884,223152
20240314,50000,19888.9,19914.8,19787.2,19840,85558
20240314,134500,19854,19934.8,19756.3,19895.9,218270
20240315,50000,19915.9,19922.8,19765.3,19816.1,96690
20240315,134500,19785.2,19830,19680.4,19687.4,227468
20240316,50000,19690.4,19755.2,19667.5,19711.3,93978
20240318,134500,19735.3,19876.9,19704.4,19876,230098
20240319,50000,19874,19921.8,19797.2,19826.1,86760
20240319,134500,19773.2,19867.9,19696.4,19824.1,239146
20240320,50000,19837.1,19844,19717.4,19814.1,82330
20240320,134500,19817.1,19912.8,19747.3,19786.2,153188
20240321,50000,19791.2,19953.7,19784.2,19934.8,107608
20240321,134500,20000.7,20216.1,19981.8,20216.2,203058
20240322,50000,20227.1,20309.9,20133.4,20158.3,140974
20240322,134500,20178.2,20237.1,20074.5,20194.2,189038
20240323,50000,20173.3,20215.1,20137.4,20184.2,83340
20240325,134500,20208.2,20259,20140.4,20183.2,145354
20240326,50000,20172.3,20230.1,20114.4,20190.2,79780
20240326,134500,20232.1,20410.6,19990.7,20139.3,347082
20240327,50000,20157.3,20175.2,20079.5,20092.4,82376
20240327,134500,20137.3,20240,20100.5,20213.2,172498
20240328,50000,20207.2,20237.1,20135.4,20194.2,93890
20240328,134500,20190.2,20202.1,20033.6,20155.3,207640
20240329,50000,20144.3,20222.1,20108.5,20163.3,89416
20240329,134500,20178.2,20251,20144.4,20232.1,168030
20240330,50000,20239.1,20337.8,20237.2,20295,60440
20240401,134500,20344.8,20351.8,20211.2,20240.1,167260
20240402,50000,20242.1,20348.8,20235.2,20318.9,94770
20240402,134500,20302,20475.5,20302,20474.5,193074
20240403,50000,20490.5,20505.4,20368.8,20402.7,105788
20240403,134500,20321.9,20370.7,20227.2,20301,223202
20240404,50000,20301,20438.6,20294,20404.7,91362
20240408,134500,20355.8,20471.5,20326.9,20401.7,171992
20240409,50000,20399.7,20512.4,20378.8,20456.6,92442
20240409,134500,20489.5,20827.7,20469.6,20824.7,234768
20240410,50000,20835.7,20843.6,20700.1,20772.8,120510
20240410,134500,20772.8,20842.6,20754.9,20801.8,151690
20240411,50000,20809.7,20824.7,20632.2,20664.1,144418
20240411,134500,20657.1,20714.9,20602.3,20704,177368
20240412,50000,20679.1,20727.9,20581.3,20719,124666
20240412,134500,20696,20759.8,20633.2,20706,190424
20240413,50000,20711,20717.9,20440.7,20443.6,141190
20240415,134500,20495.5,20556.3,20411.7,20459.6,258218
20240416,50000,20449.6,20539.3,20206.2,20242.1,140432
20240416,134500,20230.1,20238.1,19751.3,19905.9,367944
20240417,50000,19879,19926.8,19774.3,19877,120644
20240417,134500,19894.9,20166.2,19880,20099.4,166124
20240418,50000,20062.6,20085.4,19848.5,19934.1,156622
20240418,134500,19984.9,20272.6,19940.2,20271.7,240712
20240419,50000,20293.6,20362.3,19830.6,19913.2,261150
20240419,134500,19755.9,19839.5,19183.4,19463.1,476978
20240420,50000,19531.8,19682.2,19476.1,19502,184900
20240422,134500,19536.8,19631.4,19362.6,19441.2,270466
20240423,50000,19476.1,19644.3,19409.4,19600.5,110004
20240423,134500,19567.7,19661.2,19471.2,19593.6,201160
20240424,50000,19606.5,19803.6,19594.6,19797.7,113656
20240424,134500,19845.5,20116.3,19831.6,20084.5,201344
20240425,50000,20073.5,20074.5,19849.5,19885.3,162906
20240425,134500,19855.5,19894.2,19750,19800.7,191410
20240426,50000,19798.7,20053.6,19626.5,20044.7,247904
20240426,134500,20040.7,20185,19985,20092.5,227032
20240427,50000,20115.4,20180,20034.8,20166.1,133984
20240429,134500,20263.7,20472.8,20223.9,20464.9,196014
20240430,50000,20441,20462.8,20315.6,20418.1,106376
20240430,134500,20431,20488.7,20317.5,20326.5,154338
20240501,50000,20358.3,20379.2,20179.1,20185.1,137584
20240502,134500,20164.1,20293.5,20129.3,20205,179832
20240503,50000,20205,20427,20106.4,20426,158782
20240503,134500,20460.9,20509.6,20220,20295.6,202000
20240504,50000,20279.7,20606.2,20246.8,20594.3,159818
20240506,134500,20597.3,20626.1,20474.9,20514.7,167570
20240507,50000,20536.6,20671.9,20522.7,20655.1,82326
20240507,134500,20645.1,20668,20449,20562.5,171520
20240508,50000,20567.4,20596.3,20521.7,20539.6,73940
20240508,134500,20530.6,20650,20486.8,20637.1,147860
20240509,50000,20662,20668,20526.7,20634.1,104520
20240509,134500,20619.2,20674.9,20517.7,20524.6,160216
20240510,50000,20518.6,20634.1,20471.9,20612.2,100160
20240510,134500,20650.1,20739.6,20528.6,20720.8,206702
20240511,50000,20745.7,20895,20738.8,20859.2,123930
20240513,134500,20853.2,20876.1,20744.7,20794.5,223476
20240514,50000,20798.4,20855.2,20764.6,20794.5,61258
20240514,134500,20803.4,20925.9,20779.6,20923.9,186488
20240515,50000,20928.9,21087.2,20855.3,21080.2,89764
20240515,134500,21094.2,21270.4,21026.5,21112.2,143308
20240516,50000,21109.2,21347.6,21105.3,21316.9,124874
20240516,134500,21328.8,21419.1,21190.7,21234.4,209942
20240517,50000,21215.5,21303.9,21133.1,21149.9,96490
20240517,134500,21167.8,21271.1,21152.9,21200.6,143674
20240518,50000,21210.5,21323.8,21168.8,21252.3,83674
20240520,134500,21299,21348.6,21018.8,21166.8,218886
20240521,50000,21178.7,21251.2,21104.3,21227.4,84112
20240521,134500,21188.7,21214.5,21030.7,21142,149902
20240522,50000,21146.9,21199.6,21125.1,21175.8,65202
20240522,134500,21157.9,21475.8,21148,21446,189850
20240523,50000,21439.1,21455.9,21297,21412.2,97752
20240523,134500,21492.7,21523.5,21355.7,21466.9,170936
20240524,50000,21468.9,21553.3,21254.3,21285.1,158654
20240524,134500,21311.9,21479.8,21278.1,21428.1,148666
20240525,50000,21423.2,21560.2,21407.3,21517.6,97482
20240527,134500,21532.5,21777.9,21517.6,21736.2,176158
20240528,50000,21733.2,21788.8,21716.4,21761,41840
20240528,134500,21753.1,21854.4,21706.4,21814.7,143848
20240529,50000,21816.7,21830.5,21694.5,21779.9,86362
20240529,134500,21726.2,21767.9,21582.2,21584.1,171988
20240530,50000,21584.1,21603,21410.3,21419.2,119424
20240530,134500,21375.5,21416.2,21232.4,21255.2,200046
20240531,50000,21268.2,21503.6,21261.3,21426.2,135746
20240531,134500,21368.5,21446,21118.2,21149.9,261652
20240601,50000,21151.9,21292,20995,21217.5,190722
20240603,134500,21332.8,21560.2,21288.1,21516.6,232530
20240604,50000,21515.6,21528.5,21269.2,21422.2,143466
20240604,134500,21423.2,21437,21149,21184.7,222194
20240605,50000,21150.9,21198.6,21000.9,21166.8,163240
20240605,134500,21214.5,21356.5,21091.3,21326.8,217708
20240606,50000,21321.8,21660.6,21237.4,21648.7,156676
20240606,134500,21686.5,21822.6,21652.8,21736.2,219876
20240607,50000,21754.1,21792.8,21605.1,21675.6,129920
20240607,134500,21700.4,21768.9,21642.8,21758,139666
20240608,50000,21759,21788.8,21592.1,21654.7,138940
20240611,134500,21780.9,21830.5,21644.8,21659.7,188796
20240612,50000,21677.5,21719.2,21508.7,21698.4,113360
20240612,134500,21690.5,21922.9,21651.8,21906.1,191434
20240613,50000,21916,22198.2,21880.3,22144.6,152872
20240613,134500,22166.4,22330.3,22066.1,22181.3,234826
20240614,50000,22183.3,22260.8,22040.3,22128.7,134868
20240614,134500,22132.6,22371.1,22128.7,22368.1,181262
20240615,50000,22357.2,22363.1,22221.1,22314.5,111816
20240617,134500,22287.7,22410.8,22277.8,22334.4,229050
20240618,50000,22346.3,22622.5,22339.4,22589.7,112330
20240618,134500,22581.8,22667.2,22522.2,22641.4,220560
20240619,50000,22640.4,22861.9,22629.5,22801.4,115638
20240619,134500,22810.3,23158.5,22794.5,23123.5,177418
20240620,50000,23144.5,23222.4,23079.6,23138.5,81394
20240620,134500,23147.5,23374.4,23100.6,23372.5,180652
20240621,50000,23348.5,23394.4,22968.6,23052.5,186184
20240621,134500,23028.5,23285.4,23019.6,23204.5,196404
20240622,50000,23192.5,23205.4,22694.7,23024.5,191726
20240624,134500,23044.5,23067.5,22702.7,22740.6,250126
20240625,50000,22762.6,22844.5,22566.7,22584.6,153934
20240625,134500,22602.6,22770.5,22404.7,22737.6,252060
20240626,50000,22716.6,22813.5,22605.7,22810.6,115212
20240626,134500,22800.6,22999.5,22738.7,22866.6,227060
20240627,50000,22864.6,22932.5,22606.7,22679.6,155824
20240627,134500,22608.6,22816.5,22549.7,22787.6,167746
20240628,50000,22804.6,22961.5,22745.7,22852.6,144258
20240628,134500,22902.6,23111.5,22787.6,22977.6,206950
20240629,50000,22972.6,23098.5,22844.6,22939.6,140974
20240701,134500,22954.6,23160.5,22932.6,22985.5,167424
20240702,50000,22994.5,23007.5,22794.6,22911.6,133658
20240702,134500,22832.6,22987.5,22711.7,22825.6,210016
20240703,50000,22814.6,23090.5,22746.7,23045.5,129966
20240703,134500,23067.5,23182.5,22975.6,23179.5,168062
20240704,50000,23196.5,23488.4,23165.6,23464.4,124394
20240704,134500,23481.4,23620.3,23455.5,23618.4,176396
20240705,50000,23620.4,23691.3,23559.5,23602.4,67140
20240705,134500,23653.4,23671.3,23520.5,23564.4,121156
20240706,50000,23575.4,23667.3,23455.5,23557.4,107860
20240708,134500,23539.4,23988.3,23506.5,23907.3,214008
20240709,50000,23906.3,24047.2,23806.4,23862.3,119844
20240709,134500,23939.3,24086.2,23618.4,23872.3,262054
20240710,50000,23850.3,23868.3,23704.4,23760.4,97532
20240710,134500,23753.4,24008.3,23696.4,23994.3,213354
20240711,50000,24004.3,24246.2,23990.4,24245.3,120554
20240711,134500,24245.3,24399.2,24154.3,24361.2,188216
20240712,50000,24340.2,24443.2,23975.4,24043.3,200334
20240712,134500,24032.3,24064.2,23778.4,23802.4,245228
20240713,50000,23814.4,24178.2,23784.4,24049.3,168986
20240715,134500,24085.3,24106.2,23750.4,23847.3,290918
20240716,50000,23871.3,24032.3,23705.4,23774.4,152712
20240716,134500,23824.4,24176.2,23818.4,23996.3,278642
20240717,50000,23979.3,24080.2,23898.4,24058.3,113202
20240717,134500,23974.3,23994.3,23703.4,23783.3,185924
20240718,50000,23714.3,23744.3,23206.1,23249.1,196104
20240718,134500,23305.1,23455.1,23165.1,23394.2,252406
20240719,50000,23530.2,23603.2,22883,23061,338142
20240719,134500,23159,23196,22864,22919.9,252394
20240720,50000,22888.9,23019.9,22702.9,22795.9,213966
20240722,134500,22869.9,22916.9,22194.6,22389.7,355914
20240723,50000,22409.7,22698.8,22376.7,22657.8,144608
20240723,134500,22610.8,22881.9,22581.8,22840.9,190644
20240724,50000,22838.9,22876.9,22684.9,22730.8,141914
20240726,134500,22038.5,22166.5,21928.5,22105.5,242484
20240727,50000,22090.5,22355.6,22086.6,22263.6,149070
20240729,134500,22440.7,22529.7,22156.6,22271.6,198468
20240730,50000,22253.6,22276.6,21894.5,22011.5,148906
20240730,134500,21943.5,22309.6,21819.5,22256.6,252192
20240731,50000,22260.6,22327.6,21796.4,21908.4,183172
20240731,134500,22060.5,22358.6,22023.6,22300.6,220030
20240801,50000,22362.7,22697.8,22351.7,22697.8,157978
20240801,134500,22731.8,22738.8,22470.8,22663.8,205222
20240802,50000,22590.8,22645.7,22018.5,22138.6,229172
20240802,134500,22010.5,22109.5,21518.3,21543.3,279734
20240803,50000,21505.3,21534.2,20961,21107.1,265606
20240805,134500,20721.9,20751.8,19383.3,19383.2,414804
20240806,50000,19383.2,20384.7,18845,20232.6,337310
20240806,134500,20404.7,20799.9,19598.4,20429.7,380546
20240807,50000,20341.7,20755.8,19956.6,20329.7,261810
20240807,134500,20509.8,21345.1,20503.8,21141.1,310480
20240808,50000,21071,21464.2,20693.9,20734.9,245892
20240808,134500,20689.9,21092,20554.9,20705.9,243334
20240809,50000,20810.9,21454.2,20574.9,21439.2,227024
20240809,134500,21315.2,21603.3,21042.1,21491.2,276268
20240810,50000,21517.3,21830.4,21341.2,21571.3,210836
20240812,134500,21660.3,21905.4,21610.4,21687.3,179744
20240813,50000,21643.3,21934.4,21570.3,21813.4,147430
20240813,134500,21858.4,21908.4,21672.4,21779.4,137896
20240814,50000,21815.4,22150.5,21702.4,22123.5,132636
20240814,134500,22114.5,22168.5,21918.5,21988.5,175072
20240815,50000,22028.5,22212.5,21741.4,21964.5,184304
20240815,134500,22003.5,22124.5,21846.5,21850.4,145682
20240816,50000,21849.4,22417.6,21763.4,22367.7,156528
20240816,134500,22334.6,22457.7,22287.7,22377.7,184722
20240817,50000,22378.7,22411.6,22176.6,22353.7,126636
20240819,134500,22410.7,22531.7,22330.7,22371.7,245868
20240820,50000,22335.7,22588.7,22256.7,22565.8,103278
20240820,134500,22565.8,22584.7,22399.7,22446.7,199814
20240821,50000,22451.7,22506.7,22264.7,22323.6,93266
20240821,134500,22321.6,22354.6,22190.6,22228.6,112860
20240822,50000,22245.6,22326.7,22039.4,22279.7,141610
20240822,134500,22254.6,22302.6,22051.4,22125.5,144862
20240823,50000,22182.6,22323.7,21790.1,21858.2,185652
20240823,134500,21967.3,22195.5,21890.3,22154.5,134882
20240824,50000,22143.5,22464.8,22100.5,22315.7,170882
20240826,134500,22255.6,22475.8,22156.6,22231.6,165072
20240827,50000,22217.6,22338.7,22017.4,22110.5,112722
20240827,134500,22137.5,22235.6,22023.4,22171.5,128088
20240828,50000,22184.6,22340.7,22091.5,22263.6,126772
20240828,134500,22206.6,22439.8,22073.5,22426.8,154394
20240829,50000,22456.9,22578,22124.5,22175.5,162258
20240829,134500,21963.3,22270.6,21925.3,22201.6,160854
20240830,50000,22225.6,22503.9,22218.6,22306.7,153670
20240830,134500,22345.7,22391.7,22238.7,22348.7,125522
20240831,50000,22343.7,22419.8,22120.5,22325.7,135532
20240902,134500,22343.7,22473.8,22197.6,22252.6,145054
20240903,50000,22240.6,22292.6,22087.5,22245.6,65042
20240903,134500,22230.6,22339.7,22025.4,22095.5,145956
20240904,50000,22114.5,22179.5,21360.7,21388.6,197424
20240904,134500,21270.5,21371.6,20852.1,20971.2,279494
20240905,50000,20984.2,21447.7,20940.2,21260.5,179790
20240905,134500,21334.6,21478.7,21080.3,21207.4,171008
20240906,50000,21200.4,21499.7,21149.4,21386.6,171144
20240906,134500,21235.5,21459.7,21037.3,21343.6,184566
20240907,50000,21323.6,21554.8,20573.7,20583.7,278840
20240909,134500,20757.9,21149.3,20639.8,21097.3,191094
20240910,50000,21130.3,21372.6,21097.4,21334.6,139244
20240910,134500,21257.5,21305.5,20929.2,21024.2,194198
20240911,50000,21047.2,21209.4,20843.1,21169.4,169210
20240911,134500,21124.3,21154.3,20974.2,21029.2,149656
20240912,50000,21090.3,21604.8,20904.1,21541.8,233684
20240912,134500,21621.9,21805.1,21485.8,21736,196288
20240913,50000,21727,21920.2,21603.9,21827.1,145280
20240913,134500,21825.1,21858.1,21682,21845.2,184682
20240914,50000,21814.1,21917.2,21770.1,21864.2,86016
20240916,134500,21832.1,21896.2,21760.1,21838.2,183618
20240917,50000,21825.1,21874.1,21625,21764.1,88108
20240918,134500,21755.1,21897.2,21637,21704,109700
20240919,50000,21726,21962.1,21617,21663,147916
20240919,134500,21775.1,22094.2,21673,22086.2,165678
20240920,50000,22111.2,22446.4,22095.3,22365.4,125858
20240920,134500,22357.4,22437.4,22198.3,22232.3,139130
20240921,50000,22240.3,22293.3,22109.3,22206.3,101918
20240923,134500,22303.3,22404.4,22270.4,22350.4,105372
20240924,50000,22312.4,22402.4,22206.3,22330.4,93638
20240924,134500,22310.4,22520.4,22164.3,22503.5,154370
20240925,50000,22565.5,22915.6,22516.5,22837.6,144424
20240925,134500,22847.6,22872.6,22751.6,22804.6,127588
20240926,50000,22778.6,23043.7,22759.7,22951.7,113516
20240926,134500,23046.8,23090.7,22904.7,22969.7,132086
20240927,50000,23019.7,23407.9,23018.8,23223.9,178072
20240927,134500,23202.8,23207.8,22890.7,22896.7,151608
20240928,50000,22885.7,22993.7,22644.6,22663.5,160702
20240930,134500,22711.6,22767.6,22328.4,22338.4,175058
20241001,50000,22346.4,22447.4,22018.2,22222.3,145140
20241001,134500,22258.3,22475.4,22240.4,22403.4,115264
20241002,50000,22415.4,22451.4,21901.2,22112.2,180074
20241004,134500,22343.4,22519.4,22262.4,22296.3,166654
20241005,50000,22336.4,22672.5,22249.4,22534.5,155706
20241007,134500,22582.5,22820.6,22551.5,22791.6,152678
20241008,50000,22763.6,22769.6,22465.5,22572.5,115588
20241008,134500,22618.5,22646.5,22404.5,22587.5,147398
20241009,50000,22611.5,22846.6,22554.5,22803.6,106724
20241009,134500,22782.6,22900.6,22678.6,22714.6,132970
20241010,50000,22678.6,22848.6,22581.6,22801.6,103414
20241011,134500,22841.6,23059.7,22806.7,22924.7,147746
20241012,50000,22923.7,23088.7,22829.7,23052.8,80170
20241014,134500,22999.7,23061.7,22830.7,23020.7,216066
20241015,50000,23062.8,23208.8,23029.8,23172.8,73014
20241015,134500,23180.8,23398.9,23113.8,23237.9,180690
20241016,50000,23223.9,23274.8,22821.7,22882.7,127022
20241016,134500,22909.7,23215.8,22867.7,23019.2,111818
20241017,50000,23015.2,23203.8,22981.3,23131,86840
20241017,134500,23098.1,23232.7,22961.4,23211.8,151808
20241018,50000,23452.4,23942.4,23405.5,23838.6,181304
20241018,134500,23774.8,23794.7,23482.4,23612.1,180640
20241019,50000,23641,23837.6,23641.1,23679.9,94416
20241021,134500,23764.8,23790.7,23521.3,23522.2,107180
20241022,50000,23515.3,23643,23386.6,23615.1,112332
20241022,134500,23515.3,23592.1,23287.7,23588.1,140762
20241023,50000,23566.2,23622,23431.5,23516.3,93106
20241023,134500,23453.4,23466.3,23291.7,23361.5,131012
20241024,50000,23357.6,23420.4,23089.1,23255.8,136542
20241024,134500,23338.6,23404.4,23159,23259.7,146340
20241025,50000,23245.8,23376.5,23162,23242.8,90818
20241025,134500,23225.8,23442.3,23207.9,23436.4,114788
20241026,50000,23416.4,23663.9,23416.5,23506.3,104064
20241028,134500,23605.1,23612,23172,23281.7,169636
20241029,50000,23289.7,23341.5,23079.1,23124,97420
20241029,134500,23093.1,23104,22650,22932.4,215870
20241030,50000,22972.3,23094,22835.6,23011.2,97476
20241030,134500,23028.2,23101,22801.7,22860.5,127774
20241031,50000,22895.4,22952.3,22592.1,22656.9,126172
20241101,134500,22354.5,22778.6,22189.8,22709.8,174904
20241102,50000,22712.8,22942.3,22649,22737.7,103596
20241104,134500,22723.8,23002.2,22656.9,22997.2,132012
20241105,50000,22995.2,23063.1,22757.7,22804.6,98970
20241105,134500,22764.7,23194.8,22738.8,23091.1,146178
20241106,50000,23092.1,23301.6,23003.3,23205.8,93958
20241106,134500,23205.8,23403.4,23007.3,23279.7,205314
20241107,50000,23340.6,23430.4,22894.5,23196.9,162052
20241107,134500,23139,23531.2,23041.2,23487.3,157064
20241108,50000,23510.3,23698.9,23433.5,23695.9,81096
20241108,134500,23726.9,23748.8,23483.4,23735.8,142290
20241109,50000,23712.9,23794.7,23449.4,23519.2,122166
20241111,134500,23510.3,23587.1,23264.8,23528.2,143202
20241112,50000,23509.3,23519.2,22914.4,23070.1,126088
20241112,134500,22969.3,23197.8,22819.6,22825.6,169112
20241113,50000,22827.6,22882.4,22529.2,22791.6,145458
20241113,134500,22711.8,22971.2,22686.9,22739.7,146452
20241114,50000,22796.6,23034.1,22631,22761.7,146256
20241114,134500,22742.7,22836.5,22533.2,22640.9,173780
20241115,50000,22606,22835.5,22549.1,22664.9,106742
20241115,134500,22666.9,22886.4,22641,22715.8,148986
20241116,50000,22689.8,22788.6,22427.4,22507.2,111036
20241118,134500,22611,22745.7,22501.2,22531.1,232016
20241119,50000,22545.1,22615.9,22296.6,22579,107472
20241119,134500,22598,22951.3,22549.1,22806.6,207720
20241120,50000,22830.6,22885.4,22611,22814.6,115472
20241120,134500,22862.5,22912.4,22669.1,22687,95724
20241121,50000,22718.8,22735.7,22411,22660.1,111062
20241121,134500,22561.4,22647.1,22429,22487.7,148096
20241122,50000,22502.7,22750.7,22308.4,22714.8,183954
20241122,134500,22724.8,22978.8,22694,22951,142804
20241123,50000,22976.9,23049.5,22889.2,22964.9,93568
20241125,134500,23166.1,23199,22927.1,22978.8,123828
20241126,50000,22934,22942.9,22689,22768.6,96730
20241126,134500,22624.2,22758.6,22529.6,22550.5,136688
20241127,50000,22536.5,22675.9,22408.1,22565.4,101218
20241127,134500,22514.6,22604.2,22256.6,22262.6,134664
20241128,50000,22310.4,22383.1,21963.7,22183.9,124596
20241128,134500,22217.7,22300.4,22033.5,22252.6,150436
20241129,50000,22248.6,22248.6,22099.2,22192.8,43444
20241129,134500,22126.1,22353.2,21920.9,22228.7,169408
20241130,50000,22212.7,22493.6,22076.3,22462.8,110490
20241202,134500,22444.9,22741.7,22413,22740.7,123896
20241203,50000,22745.7,23041.6,22716.9,23014.7,82328
20241203,134500,23064.5,23103.3,22912.1,23024.7,128962
20241204,50000,22998.8,23099.3,22849.4,23078.5,110014
20241204,134500,23112.3,23207.9,22983.9,23206,104218
20241205,50000,23187.1,23276.7,23096.4,23228.9,77620
20241205,134500,23172.1,23239.8,23123.3,23163.1,90758
20241206,50000,23180.1,23364.3,23153.2,23257.8,65392
20241206,134500,23232.9,23271.7,23046.6,23091.4,121482
20241207,50000,23122.3,23239.8,23084.5,23164.1,72894
20241209,134500,23105.4,23199,23082.5,23161.2,94526
20241210,50000,23147.2,23388.2,23128.3,23131.3,94890
20241210,134500,23140.2,23248.8,22939,23002.8,141920
20241211,50000,22993.8,23056.5,22754.7,22763.7,94110
20241211,134500,22800.5,22967.8,22737.8,22761.7,120798
20241212,50000,22777.6,22975.8,22713.9,22956.9,79700
20241212,134500,22917.1,23123.2,22916.1,23019.7,119298
20241213,50000,23019.7,23054.5,22763.7,22812.5,91568
20241213,134500,22909.1,23004.7,22801.6,22899.1,138248
20241214,50000,22912.1,23138.2,22846.4,23060.5,100228
20241216,134500,23132.3,23182,22859.3,22874.2,234438
20241217,50000,22900.1,23085.4,22875.3,23025.7,74228
20241217,134500,23017.7,23127.2,22937.1,22944,165470
20241218,50000,22938,22941.9,22749.8,22874.2,81982
20241218,134500,22850.3,23086.7,22815.5,23021.2,102618
20241219,50000,23034.1,23222.7,22444.3,22539.6,126400
20241219,134500,22588.2,22746.1,22559.5,22689.5,145198
20241220,50000,22699.5,22811.6,22634,22648.8,104992
20241220,134500,22608.1,22633.9,22432.4,22477,151106
20241221,50000,22518.7,22805.7,22361.9,22733.2,135314
20241223,134500,22744.1,23082.7,22739.2,23079.8,135118
20241224,50000,23086.7,23281.3,22983.5,23280.4,99888
20241224,134500,23266.5,23295.2,23025.2,23054,95166
20241225,50000,23069.9,23212.8,23042.1,23189,51214
20241225,134500,23177.1,23186,23077.8,23166.2,65680
20241226,50000,23173.1,23257.5,23111.6,23164.2,20532
20241226,134500,23195,23216.8,23122.5,23163.2,54474
20241227,50000,23143.3,23193.9,23041.1,23092.7,61380
20241227,134500,23032.1,23214.8,22986.5,23208.9,86114
20241228,50000,23218.8,23227.7,22927.9,23052,95646
20241230,134500,23040.1,23161.2,22992.4,23015.2,74048
20241231,50000,22988.4,23033.1,22760.1,22885.1,93924
20241231,134500,22837.5,22948.7,22794.8,22880.2,97110
20250101,50000,22862.3,23006.2,22771,22825.6,75974
20250102,134500,22774.9,22834.5,22530.7,22682.6,158892
20250103,50000,22693.5,22836.4,22572.4,22687.5,113028
20250103,134500,22774.9,22946.7,22745.2,22816.6,125420
20250104,50000,22816.6,23082.7,22779.9,23063.9,82524
20250106,134500,23059.9,23455.1,23056,23444.2,143530
20250107,50000,23471,23788.7,23453.2,23707.4,104636
20250107,134500,23797.7,23822.5,23557.5,23586.2,120800
20250108,50000,23592.2,23728.2,23312.2,23313.1,112344
20250108,134500,23384.6,23483.9,23275.5,23286.3,116062
20250109,50000,23236.7,23323,23089.8,23175.1,114352
20250109,134500,23095.7,23246.6,22921.9,22943.7,125722
20250110,50000,22923.9,23034.1,22845.5,22993.4,49822
20250110,134500,22921.9,22979.4,22794.8,22888.1,142452
20250111,50000,22865.3,23014.2,22639.9,22768,135102
20250113,134500,22799.7,22847.4,22274.5,22377.7,288974
20250114,50000,22385.7,22439.2,22159.3,22320.1,98718
20250114,134500,22436.3,22608,22372.8,22591.2,171366
20250115,50000,22581.3,22662.7,22384.7,22530.6,91420
20250115,134500,22569.4,22590.2,22293.6,22293.6,89332
20250116,50000,22311.4,22783.7,22292.6,22750.1,105268
20250116,134500,22856,22991.7,22767,22807.5,145242
20250117,50000,23092.7,23300.6,22995.7,23057.1,156028
20250117,134500,23051.1,23091.7,22733.3,22965,130762
20250118,50000,22998.7,23153.1,22966,23019.4,83834
20250120,134500,23023.4,23189.7,22996.7,23119.5,90120
20250121,50000,23111.5,23210.5,22946.2,23105.6,75190
20250121,134500,23198.7,23204.6,22977.9,23138.3,109194
20250122,50000,23127.4,23400.7,23099.7,23345.3,84692
20250122,134500,23371,23488.8,23344.3,23468.1,106510
20250123,50000,23433.4,23609.6,23425.5,23571,57164
20250203,134500,22459.9,22595.6,22320.3,22378.7,168856
20250204,50000,22392.6,22712.4,22370.9,22573.8,90842
20250204,134500,22696.6,22722.3,22487.7,22600.6,116786
20250205,50000,22617.4,22874.8,22616.4,22858,67550
20250205,134500,22853.1,23058,22839.3,22908.5,117028
20250206,50000,22905.6,23133.3,22826.4,23091.7,67998
20250206,134500,23128.4,23152.1,23008.6,23064,78688
20250207,50000,23064,23127.3,23016.5,23106.6,52360
20250207,134500,23059.1,23237.3,23052.2,23203.6,76896
20250208,50000,23203.6,23299.7,22983.8,23020.4,102814
20250210,134500,23097.7,23139.2,22942.3,23020.4,107102
20250211,50000,23023.4,23205.6,23014.5,23174.9,54578
20250211,134500,23164,23274.9,23075.9,23108.6,97188
20250212,50000,23106.6,23222.4,22987.8,23180.9,68584
20250212,134500,23201.7,23307.6,23066,23088.8,101142
20250213,50000,23105.6,23208.5,22925.4,23152.1,98790
20250213,134500,23207.6,23232.3,23024.5,23172,94702
20250214,50000,23168,23171.9,23002.7,23143.2,84160
20250214,134500,23111.5,23122.4,22891.8,22954.1,133256
20250215,50000,22944.2,23121.4,22840.3,23082.8,81952
20250217,134500,23060.1,23311.5,23057.1,23275.9,202556
20250218,50000,23313.6,23326.4,23235.4,23290.8,27348
20250218,134500,23341.3,23433.3,23238.4,23419.5,137132
20250219,50000,23442.3,23472,23285.9,23352.2,58506
20250219,134500,23339.3,23467,23331.4,23398.7,70822
20250220,50000,23424.5,23469,23310.5,23356.1,51736
20250220,134500,23295.6,23354,23162.9,23328.3,117092
20250221,50000,23335.3,23432.3,23257,23332.3,72572
20250221,134500,23323.4,23549.3,23264.9,23533.5,108976
20250222,50000,23554.3,23570.1,23211.4,23278.8,82570
20250224,134500,23339.2,23354,23235.2,23348.1,97862
20250225,50000,23335.3,23382.8,23055.8,23061.7,93476
20250225,134500,23024.1,23137,22931.9,23091.4,120042
20250226,50000,23047.8,23138,22842.7,22921,116668
20250226,134500,22943.8,23212.3,22898.2,23212.4,118914
20250227,50000,23224.3,23379.8,23102.4,23207.4,100196
20250227,134500,23165.8,23225.2,22921,22989.4,137812
